TRACK_ID,TIMESTAMP,V,X,Y,YAW
1a05332f0ff5434aa5748d6308a0fe9c,1532707811049131,0.0,2170.2080078125,865.7760009765625,0.0
1a05332f0ff5434aa5748d6308a0fe9c,1532707811549019,0.0,2170.2080078125,865.7760009765625,0.0
1a05332f0ff5434aa5748d6308a0fe9c,1532707812049440,0.0,2170.2080078125,865.7760009765625,0.0
1a05332f0ff5434aa5748d6308a0fe9c,1532707812449231,0.0,2170.2080078125,865.7760009765625,0.0
1a05332f0ff5434aa5748d6308a0fe9c,1532707812949109,0.0,2170.2080078125,865.7760009765625,0.0
1a05332f0ff5434aa5748d6308a0fe9c,1532707813448415,0.0,2170.2080078125,865.7760009765625,0.0
1a05332f0ff5434aa5748d6308a0fe9c,1532707813948288,0.0,2170.2080078125,865.7760009765625,0.0
1a05332f0ff5434aa5748d6308a0fe9c,1532707814449082,0.0,2170.2080078125,865.7760009765625,91.19900512695312
1a05332f0ff5434aa5748d6308a0fe9c,1532707814948037,0.0,2170.2080078125,865.7760009765625,91.19900512695312
1a05332f0ff5434aa5748d6308a0fe9c,1532707815447375,0.0,2170.2080078125,865.7760009765625,91.19900512695312
1a05332f0ff5434aa5748d6308a0fe9c,1532707815947807,0.0,2170.2080078125,865.7760009765625,91.19900512695312
1a05332f0ff5434aa5748d6308a0fe9c,1532707816447669,0.0,2170.2080078125,865.7760009765625,91.19900512695312
1a05332f0ff5434aa5748d6308a0fe9c,1532707816948141,5.946222305297852,2169.1357421875,866.2903442382812,154.37632751464844
1a05332f0ff5434aa5748d6308a0fe9c,1532707817398183,8.344075202941895,2168.244873046875,864.8792114257812,-122.26638793945312
1a05332f0ff5434aa5748d6308a0fe9c,1532707817898626,1.815356731414795,2168.6064453125,864.8462524414062,-5.209781646728516
1a05332f0ff5434aa5748d6308a0fe9c,1532707818448836,0.0,2168.6064453125,864.8462524414062,20.29689598083496
1a05332f0ff5434aa5748d6308a0fe9c,1532707818949278,0.82855623960495,2168.742919921875,864.9402465820312,34.577354431152344
1a05332f0ff5434aa5748d6308a0fe9c,1532707819399371,0.0,2168.742919921875,864.9402465820312,37.28596115112305
1a05332f0ff5434aa5748d6308a0fe9c,1532707819899230,0.0,2168.742919921875,864.9402465820312,37.28596115112305
1a05332f0ff5434aa5748d6308a0fe9c,1532707820399111,0.0,2168.742919921875,864.9402465820312,37.28596115112305
1ad3da05d2f44eb8943c6c1913b48c16,1532707811049131,1.2747907638549805,2230.06591796875,892.5469970703125,97.62300109863281
1ad3da05d2f44eb8943c6c1913b48c16,1532707811549019,1.2747907638549805,2229.971923828125,892.7839965820312,97.62300109863281
1ad3da05d2f44eb8943c6c1913b48c16,1532707812049440,0.6583758592605591,2229.919921875,892.6630249023438,97.62300109863281
1ad3da05d2f44eb8943c6c1913b48c16,1532707812449231,0.6612460017204285,2229.868896484375,892.541015625,97.62300109863281
1ad3da05d2f44eb8943c6c1913b48c16,1532707812949109,0.13614840805530548,2229.844970703125,892.5280151367188,97.62300109863281
1ad3da05d2f44eb8943c6c1913b48c16,1532707813448415,0.13870029151439667,2229.821044921875,892.5139770507812,97.62300109863281
1ad3da05d2f44eb8943c6c1913b48c16,1532707813948288,0.17110131680965424,2229.824951171875,892.47998046875,97.62300109863281
1ad3da05d2f44eb8943c6c1913b48c16,1532707814449082,0.1719050109386444,2229.830078125,892.4459838867188,97.62300109863281
1ad3da05d2f44eb8943c6c1913b48c16,1532707814948037,0.0,2229.830078125,892.4459838867188,97.6230697631836
1ad3da05d2f44eb8943c6c1913b48c16,1532707815447375,0.0,2229.830078125,892.4459838867188,97.6230697631836
1ad3da05d2f44eb8943c6c1913b48c16,1532707815947807,0.0,2229.830078125,892.4459838867188,97.6230697631836
1ad3da05d2f44eb8943c6c1913b48c16,1532707816447669,0.0,2229.830078125,892.4459838867188,97.6230697631836
1ad3da05d2f44eb8943c6c1913b48c16,1532707816948141,5.723430633544922,2228.723388671875,892.7384643554688,165.19740295410156
1ad3da05d2f44eb8943c6c1913b48c16,1532707817398183,6.544335842132568,2228.301513671875,891.4994506835938,-108.80323791503906
1ad3da05d2f44eb8943c6c1913b48c16,1532707817898626,2.519023895263672,2228.795654296875,891.4012451171875,-11.238256454467773
1ad3da05d2f44eb8943c6c1913b48c16,1532707818448836,0.0,2228.795654296875,891.4012451171875,25.646944046020508
1ad3da05d2f44eb8943c6c1913b48c16,1532707818949278,0.9395656585693359,2228.931396484375,891.5311889648438,43.730655670166016
1ad3da05d2f44eb8943c6c1913b48c16,1532707819399371,0.0,2228.931396484375,891.5311889648438,47.503807067871094
1ad3da05d2f44eb8943c6c1913b48c16,1532707819899230,0.0,2228.931396484375,891.5311889648438,47.50381088256836
1ad3da05d2f44eb8943c6c1913b48c16,1532707820399111,0.0,2228.931396484375,891.5311889648438,47.503814697265625
34b467a352224e9cab71e929639d443c,1532707811049131,0.0,2223.7939453125,853.6580200195312,0.0
34b467a352224e9cab71e929639d443c,1532707811549019,0.0,2223.7939453125,853.6580200195312,0.0
34b467a352224e9cab71e929639d443c,1532707812049440,0.0,2223.7939453125,853.6580200195312,0.0
34b467a352224e9cab71e929639d443c,1532707812449231,0.0,2223.7939453125,853.6580200195312,0.0
34b467a352224e9cab71e929639d443c,1532707812949109,0.0,2223.7939453125,853.6580200195312,0.0
34b467a352224e9cab71e929639d443c,1532707813448415,0.0,2223.7939453125,853.6580200195312,0.0
34b467a352224e9cab71e929639d443c,1532707813948288,0.0,2223.7939453125,853.6580200195312,91.39800262451172
34b467a352224e9cab71e929639d443c,1532707814449082,0.5445266962051392,2223.68505859375,853.656005859375,91.39800262451172
34b467a352224e9cab71e929639d443c,1532707814948037,0.0,2223.68505859375,853.656005859375,91.40287017822266
34b467a352224e9cab71e929639d443c,1532707815447375,0.0,2223.68505859375,853.656005859375,91.40287017822266
34b467a352224e9cab71e929639d443c,1532707815947807,0.0,2223.68505859375,853.656005859375,91.40287017822266
34b467a352224e9cab71e929639d443c,1532707816447669,0.0,2223.68505859375,853.656005859375,91.40287017822266
34b467a352224e9cab71e929639d443c,1532707816948141,6.032715797424316,2222.595458984375,854.1741943359375,154.56748962402344
34b467a352224e9cab71e929639d443c,1532707817398183,7.669026851654053,2221.807373046875,852.8583374023438,-120.9193115234375
34b467a352224e9cab71e929639d443c,1532707817898626,5.768224716186523,2222.925048828125,852.572509765625,-14.344879150390625
34b467a352224e9cab71e929639d443c,1532707818448836,0.9606003165245056,2223.00244140625,852.7483520507812,66.27027893066406
34b467a352224e9cab71e929639d443c,1532707818949278,1.7119415998458862,2222.835205078125,853.047119140625,119.25178527832031
34b467a352224e9cab71e929639d443c,1532707819399371,0.0,2222.835205078125,853.047119140625,137.04698181152344
34b467a352224e9cab71e929639d443c,1532707819899230,0.0,2222.835205078125,853.047119140625,137.04698181152344
34b467a352224e9cab71e929639d443c,1532707820399111,0.0,2222.835205078125,853.047119140625,137.04698181152344
37956eeb475342629d8253b77dcce940,1532707811049131,0.3415462374687195,2227.089111328125,892.322021484375,-86.50599670410156
37956eeb475342629d8253b77dcce940,1532707811549019,0.3415462374687195,2227.110107421875,892.3870239257812,-86.50599670410156
37956eeb475342629d8253b77dcce940,1532707812049440,0.33661317825317383,2227.131103515625,892.4509887695312,-86.50599670410156
37956eeb475342629d8253b77dcce940,1532707812449231,0.30108726024627686,2227.10888671875,892.39501953125,-86.50599670410156
37956eeb475342629d8253b77dcce940,1532707812949109,0.2991749942302704,2227.087890625,892.3389892578125,-86.50599670410156
37956eeb475342629d8253b77dcce940,1532707813448415,0.11484993249177933,2227.06494140625,892.3380126953125,-86.50599670410156
37956eeb475342629d8253b77dcce940,1532707813948288,0.11032389104366302,2227.04296875,892.3359985351562,-86.50599670410156
37956eeb475342629d8253b77dcce940,1532707814449082,0.10997173190116882,2227.02099609375,892.3350219726562,-86.50599670410156
37956eeb475342629d8253b77dcce940,1532707814948037,0.0,2227.02099609375,892.3350219726562,-86.47135925292969
37956eeb475342629d8253b77dcce940,1532707815447375,0.05231339484453201,2227.021728515625,892.3245849609375,-86.47135925292969
37956eeb475342629d8253b77dcce940,1532707815947807,8.740934371948242,2227.136962890625,890.5802001953125,-86.22355651855469
37956eeb475342629d8253b77dcce940,1532707816447669,0.0,2227.136962890625,890.5802001953125,-17.104228973388672
37956eeb475342629d8253b77dcce940,1532707816948141,6.1086554527282715,2228.230224609375,890.0348510742188,-26.51021385192871
37956eeb475342629d8253b77dcce940,1532707817398183,8.347780227661133,2229.594482421875,889.0724487304688,-35.19926071166992
37956eeb475342629d8253b77dcce940,1532707817898626,9.583463668823242,2231.005859375,887.775634765625,-42.57789993286133
37956eeb475342629d8253b77dcce940,1532707818448836,4.369184970855713,2231.680419921875,887.2201538085938,-39.470375061035156
37956eeb475342629d8253b77dcce940,1532707818949278,7.962881088256836,2231.964599609375,885.6531372070312,-79.7210464477539
37956eeb475342629d8253b77dcce940,1532707819399371,9.699197769165039,2231.038330078125,883.94873046875,-118.52310943603516
37956eeb475342629d8253b77dcce940,1532707819899230,7.929538249969482,2229.706787109375,883.0872802734375,-147.09701538085938
37956eeb475342629d8253b77dcce940,1532707820399111,0.0,2229.706787109375,883.0872802734375,-153.7408905029297
381d3731c8c4421d856eb3eedbe52417,1532707811049131,0.36083611845970154,2228.75390625,866.926025390625,93.53700256347656
381d3731c8c4421d856eb3eedbe52417,1532707811549019,0.36083611845970154,2228.68310546875,866.9400024414062,93.53700256347656
381d3731c8c4421d856eb3eedbe52417,1532707812049440,0.36203381419181824,2228.612060546875,866.9539794921875,93.53700256347656
381d3731c8c4421d856eb3eedbe52417,1532707812449231,0.09327851235866547,2228.616943359375,866.9359741210938,93.53700256347656
381d3731c8c4421d856eb3eedbe52417,1532707812949109,0.07872883975505829,2228.6298828125,866.927001953125,93.53700256347656
381d3731c8c4421d856eb3eedbe52417,1532707813448415,0.07296254485845566,2228.64208984375,866.9190063476562,93.53700256347656
381d3731c8c4421d856eb3eedbe52417,1532707813948288,0.2214527130126953,2228.597900390625,866.916015625,93.53700256347656
381d3731c8c4421d856eb3eedbe52417,1532707814449082,0.2153635174036026,2228.554931640625,866.9130249023438,93.53700256347656
381d3731c8c4421d856eb3eedbe52417,1532707814948037,0.0,2228.554931640625,866.9130249023438,93.53824615478516
381d3731c8c4421d856eb3eedbe52417,1532707815447375,0.0,2228.554931640625,866.9130249023438,93.53824615478516
381d3731c8c4421d856eb3eedbe52417,1532707815947807,0.0,2228.554931640625,866.9130249023438,93.53824615478516
381d3731c8c4421d856eb3eedbe52417,1532707816447669,0.0,2228.554931640625,866.9130249023438,93.53824615478516
381d3731c8c4421d856eb3eedbe52417,1532707816948141,5.657574653625488,2227.505126953125,867.335205078125,158.09169006347656
381d3731c8c4421d856eb3eedbe52417,1532707817398183,7.018305778503418,2226.787109375,866.1290893554688,-120.76350402832031
381d3731c8c4421d856eb3eedbe52417,1532707817898626,0.0,2226.787109375,866.1290893554688,-22.55112075805664
381d3731c8c4421d856eb3eedbe52417,1532707818448836,0.0,2226.787109375,866.1290893554688,-22.551116943359375
381d3731c8c4421d856eb3eedbe52417,1532707818949278,2.258915424346924,2227.14013671875,865.84716796875,-38.618675231933594
381d3731c8c4421d856eb3eedbe52417,1532707819399371,0.0,2227.14013671875,865.84716796875,-46.43592071533203
381d3731c8c4421d856eb3eedbe52417,1532707819899230,0.0,2227.14013671875,865.84716796875,-46.4359245300293
381d3731c8c4421d856eb3eedbe52417,1532707820399111,0.0,2227.14013671875,865.84716796875,-46.4359245300293
3828a82f2631430caca514fd217d9ff9,1532707811049131,0.666884183883667,2237.241943359375,866.1309814453125,92.35800170898438
3828a82f2631430caca514fd217d9ff9,1532707811549019,0.666884183883667,2237.133056640625,866.2080078125,92.35800170898438
3828a82f2631430caca514fd217d9ff9,1532707812049440,0.6746869683265686,2237.02294921875,866.2860107421875,92.35800170898438
3828a82f2631430caca514fd217d9ff9,1532707812449231,0.4763621687889099,2236.93896484375,866.2410278320312,92.35800170898438
3828a82f2631430caca514fd217d9ff9,1532707812949109,0.47220900654792786,2236.85595703125,866.1959838867188,92.35800170898438
3828a82f2631430caca514fd217d9ff9,1532707813448415,0.3055271506309509,2236.85302734375,866.2570190429688,92.35800170898438
3828a82f2631430caca514fd217d9ff9,1532707813948288,0.30990731716156006,2236.85107421875,866.3189697265625,92.35800170898438
3828a82f2631430caca514fd217d9ff9,1532707814449082,0.20656251907348633,2236.89208984375,866.3140258789062,92.35800170898438
3828a82f2631430caca514fd217d9ff9,1532707814948037,0.0,2236.89208984375,866.3140258789062,92.3528823852539
3828a82f2631430caca514fd217d9ff9,1532707815447375,0.0,2236.89208984375,866.3140258789062,92.3528823852539
3828a82f2631430caca514fd217d9ff9,1532707815947807,0.0,2236.89208984375,866.3140258789062,92.3528823852539
3828a82f2631430caca514fd217d9ff9,1532707816447669,0.0,2236.89208984375,866.3140258789062,92.3528823852539
3828a82f2631430caca514fd217d9ff9,1532707816948141,5.664102554321289,2235.8564453125,866.7730712890625,156.09381103515625
3828a82f2631430caca514fd217d9ff9,1532707817398183,7.215867042541504,2235.05419921875,865.5734252929688,-123.7740249633789
3828a82f2631430caca514fd217d9ff9,1532707817898626,0.0,2235.05419921875,865.5734252929688,-24.186321258544922
3828a82f2631430caca514fd217d9ff9,1532707818448836,0.0,2235.05419921875,865.5734252929688,-24.186317443847656
3828a82f2631430caca514fd217d9ff9,1532707818949278,2.5765650272369385,2235.44140625,865.2333984375,-41.296875
3828a82f2631430caca514fd217d9ff9,1532707819399371,0.0,2235.44140625,865.2333984375,-51.01849365234375
3828a82f2631430caca514fd217d9ff9,1532707819899230,0.0,2235.44140625,865.2333984375,-51.018497467041016
3828a82f2631430caca514fd217d9ff9,1532707820399111,0.0,2235.44140625,865.2333984375,-51.018497467041016
434b7df0a40143dc948ea6f7bc9570b6,1532707811049131,0.0,2159.014892578125,865.1939697265625,0.0
434b7df0a40143dc948ea6f7bc9570b6,1532707811549019,0.0,2159.014892578125,865.1939697265625,0.0
434b7df0a40143dc948ea6f7bc9570b6,1532707812049440,0.0,2159.014892578125,865.1939697265625,0.0
434b7df0a40143dc948ea6f7bc9570b6,1532707812449231,0.0,2159.014892578125,865.1939697265625,93.4219970703125
434b7df0a40143dc948ea6f7bc9570b6,1532707812949109,0.0,2159.014892578125,865.1939697265625,93.4219970703125
434b7df0a40143dc948ea6f7bc9570b6,1532707813448415,0.0,2159.014892578125,865.1939697265625,93.4219970703125
434b7df0a40143dc948ea6f7bc9570b6,1532707813948288,0.0,2159.014892578125,865.1939697265625,93.4219970703125
434b7df0a40143dc948ea6f7bc9570b6,1532707814449082,0.0,2159.014892578125,865.1939697265625,93.4219970703125
434b7df0a40143dc948ea6f7bc9570b6,1532707814948037,0.0,2159.014892578125,865.1939697265625,93.42200469970703
434b7df0a40143dc948ea6f7bc9570b6,1532707815447375,0.0,2159.014892578125,865.1939697265625,93.42200469970703
434b7df0a40143dc948ea6f7bc9570b6,1532707815947807,0.0,2159.014892578125,865.1939697265625,93.42200469970703
434b7df0a40143dc948ea6f7bc9570b6,1532707816447669,0.0,2159.014892578125,865.1939697265625,93.42200469970703
434b7df0a40143dc948ea6f7bc9570b6,1532707816948141,5.674736499786377,2157.959228515625,865.6107177734375,158.45513916015625
434b7df0a40143dc948ea6f7bc9570b6,1532707817398183,7.469868183135986,2157.22216796875,864.3112182617188,-119.55974578857422
434b7df0a40143dc948ea6f7bc9570b6,1532707817898626,0.0,2157.22216796875,864.3112182617188,-10.771187782287598
434b7df0a40143dc948ea6f7bc9570b6,1532707818448836,0.0,2157.22216796875,864.3112182617188,-10.771183967590332
434b7df0a40143dc948ea6f7bc9570b6,1532707818949278,1.3997126817703247,2157.487548828125,864.2221069335938,-18.570547103881836
434b7df0a40143dc948ea6f7bc9570b6,1532707819399371,0.0,2157.487548828125,864.2221069335938,-20.681020736694336
434b7df0a40143dc948ea6f7bc9570b6,1532707819899230,0.0,2157.487548828125,864.2221069335938,-20.681020736694336
434b7df0a40143dc948ea6f7bc9570b6,1532707820399111,0.0,2157.487548828125,864.2221069335938,-20.681020736694336
57d3a246a19e48eeaff83e933a0b098d,1532707811049131,0.0,2226.194091796875,853.468994140625,0.0
57d3a246a19e48eeaff83e933a0b098d,1532707811549019,0.0,2226.194091796875,853.468994140625,0.0
57d3a246a19e48eeaff83e933a0b098d,1532707812049440,0.0,2226.194091796875,853.468994140625,-91.60199737548828
57d3a246a19e48eeaff83e933a0b098d,1532707812449231,0.17005302011966705,2226.195068359375,853.5029907226562,-91.60199737548828
57d3a246a19e48eeaff83e933a0b098d,1532707812949109,0.1651722937822342,2226.196044921875,853.5360107421875,-91.60199737548828
57d3a246a19e48eeaff83e933a0b098d,1532707813448415,0.16486725211143494,2226.197021484375,853.5689697265625,-91.60199737548828
57d3a246a19e48eeaff83e933a0b098d,1532707813948288,0.0,2226.197021484375,853.5689697265625,-91.60199737548828
57d3a246a19e48eeaff83e933a0b098d,1532707814449082,0.33003953099250793,2226.195068359375,853.5029907226562,-91.60199737548828
57d3a246a19e48eeaff83e933a0b098d,1532707814948037,0.0,2226.195068359375,853.5029907226562,-91.57244873046875
57d3a246a19e48eeaff83e933a0b098d,1532707815447375,0.0,2226.195068359375,853.5029907226562,-91.57244873046875
57d3a246a19e48eeaff83e933a0b098d,1532707815947807,0.0,2226.195068359375,853.5029907226562,-91.57244873046875
57d3a246a19e48eeaff83e933a0b098d,1532707816447669,0.0,2226.195068359375,853.5029907226562,-91.57244873046875
57d3a246a19e48eeaff83e933a0b098d,1532707816948141,4.550051689147949,2225.375,853.1085205078125,-154.31204223632812
57d3a246a19e48eeaff83e933a0b098d,1532707817398183,5.726379871368408,2224.458984375,853.7959594726562,143.1089630126953
57d3a246a19e48eeaff83e933a0b098d,1532707817898626,4.620038032531738,2224.8544921875,854.6310424804688,64.65044403076172
57d3a246a19e48eeaff83e933a0b098d,1532707818448836,0.0,2224.8544921875,854.6310424804688,1.511268138885498
57d3a246a19e48eeaff83e933a0b098d,1532707818949278,2.3593411445617676,2225.325927734375,854.6512451171875,2.4550859928131104
57d3a246a19e48eeaff83e933a0b098d,1532707819399371,0.0,2225.325927734375,854.6512451171875,3.173400402069092
57d3a246a19e48eeaff83e933a0b098d,1532707819899230,0.0,2225.325927734375,854.6512451171875,3.173400640487671
57d3a246a19e48eeaff83e933a0b098d,1532707820399111,0.0,2225.325927734375,854.6512451171875,3.173400640487671
599cfd43d8c84f749077be2138e6fd46,1532707811049131,0.0,2218.464111328125,853.5059814453125,0.0
599cfd43d8c84f749077be2138e6fd46,1532707811549019,0.0,2218.464111328125,853.5059814453125,0.0
599cfd43d8c84f749077be2138e6fd46,1532707812049440,0.0,2218.464111328125,853.5059814453125,0.0
599cfd43d8c84f749077be2138e6fd46,1532707812449231,0.0,2218.464111328125,853.5059814453125,0.0
599cfd43d8c84f749077be2138e6fd46,1532707812949109,0.0,2218.464111328125,853.5059814453125,0.0
599cfd43d8c84f749077be2138e6fd46,1532707813448415,0.0,2218.464111328125,853.5059814453125,-86.81400299072266
599cfd43d8c84f749077be2138e6fd46,1532707813948288,0.173750102519989,2218.431884765625,853.5189819335938,-86.81400299072266
599cfd43d8c84f749077be2138e6fd46,1532707814449082,0.17017866671085358,2218.40087890625,853.5330200195312,-86.81400299072266
599cfd43d8c84f749077be2138e6fd46,1532707814948037,0.0,2218.40087890625,853.5330200195312,-86.81112670898438
599cfd43d8c84f749077be2138e6fd46,1532707815447375,0.0,2218.40087890625,853.5330200195312,-86.81112670898438
599cfd43d8c84f749077be2138e6fd46,1532707815947807,0.0,2218.40087890625,853.5330200195312,-86.81112670898438
599cfd43d8c84f749077be2138e6fd46,1532707816447669,0.0,2218.40087890625,853.5330200195312,-86.81112670898438
599cfd43d8c84f749077be2138e6fd46,1532707816948141,4.583218097686768,2217.6416015625,853.0194702148438,-145.9285888671875
599cfd43d8c84f749077be2138e6fd46,1532707817398183,5.9890360832214355,2216.549560546875,853.5115966796875,155.7420196533203
599cfd43d8c84f749077be2138e6fd46,1532707817898626,5.624642848968506,2216.74169921875,854.6199951171875,80.16259765625
599cfd43d8c84f749077be2138e6fd46,1532707818448836,0.0,2216.74169921875,854.6199951171875,9.148648262023926
599cfd43d8c84f749077be2138e6fd46,1532707818949278,2.578622341156006,2217.23876953125,854.7574462890625,15.457763671875
599cfd43d8c84f749077be2138e6fd46,1532707819399371,0.0,2217.23876953125,854.7574462890625,19.068798065185547
599cfd43d8c84f749077be2138e6fd46,1532707819899230,0.0,2217.23876953125,854.7574462890625,19.068798065185547
599cfd43d8c84f749077be2138e6fd46,1532707820399111,0.0,2217.23876953125,854.7574462890625,19.068798065185547
5d49483362144925bb7c648b1687bafb,1532707811049131,0.0,2153.700927734375,864.7340087890625,0.0
5d49483362144925bb7c648b1687bafb,1532707811549019,0.0,2153.700927734375,864.7340087890625,0.0
5d49483362144925bb7c648b1687bafb,1532707812049440,0.0,2153.700927734375,864.7340087890625,91.36799621582031
5d49483362144925bb7c648b1687bafb,1532707812449231,0.0,2153.700927734375,864.7340087890625,91.36799621582031
5d49483362144925bb7c648b1687bafb,1532707812949109,0.0,2153.700927734375,864.7340087890625,91.36799621582031
5d49483362144925bb7c648b1687bafb,1532707813448415,0.0,2153.700927734375,864.7340087890625,91.36799621582031
5d49483362144925bb7c648b1687bafb,1532707813948288,0.0,2153.700927734375,864.7340087890625,91.36799621582031
5d49483362144925bb7c648b1687bafb,1532707814449082,0.0,2153.700927734375,864.7340087890625,91.36799621582031
5d49483362144925bb7c648b1687bafb,1532707814948037,0.0,2153.700927734375,864.7340087890625,91.36800384521484
5d49483362144925bb7c648b1687bafb,1532707815447375,0.0,2153.700927734375,864.7340087890625,91.36800384521484
5d49483362144925bb7c648b1687bafb,1532707815947807,0.0,2153.700927734375,864.7340087890625,91.36800384521484
5d49483362144925bb7c648b1687bafb,1532707816447669,0.0,2153.700927734375,864.7340087890625,91.36800384521484
5d49483362144925bb7c648b1687bafb,1532707816948141,5.91170597076416,2152.63232421875,865.239990234375,154.66241455078125
5d49483362144925bb7c648b1687bafb,1532707817398183,8.038396835327148,2151.776123046875,863.8792724609375,-122.17623138427734
5d49483362144925bb7c648b1687bafb,1532707817898626,0.0,2151.776123046875,863.8792724609375,-9.086658477783203
5d49483362144925bb7c648b1687bafb,1532707818448836,0.0,2151.776123046875,863.8792724609375,-9.086654663085938
5d49483362144925bb7c648b1687bafb,1532707818949278,1.4023756980895996,2152.046142578125,863.8034057617188,-15.690762519836426
5d49483362144925bb7c648b1687bafb,1532707819399371,0.0,2152.046142578125,863.8034057617188,-17.508861541748047
5d49483362144925bb7c648b1687bafb,1532707819899230,0.0,2152.046142578125,863.8034057617188,-17.508861541748047
5d49483362144925bb7c648b1687bafb,1532707820399111,0.0,2152.046142578125,863.8034057617188,-17.508861541748047
687b005e95e64ca8a1427a9aad7cc071,1532707811049131,0.3363088369369507,2250.617919921875,893.0679931640625,95.90599822998047
687b005e95e64ca8a1427a9aad7cc071,1532707811549019,0.3363088369369507,2250.551025390625,893.0609741210938,95.90599822998047
687b005e95e64ca8a1427a9aad7cc071,1532707812049440,0.34234848618507385,2250.48291015625,893.0540161132812,95.90599822998047
687b005e95e64ca8a1427a9aad7cc071,1532707812449231,0.05031699687242508,2250.472900390625,893.052978515625,95.90599822998047
687b005e95e64ca8a1427a9aad7cc071,1532707812949109,0.05028644949197769,2250.462890625,893.052001953125,95.90599822998047
687b005e95e64ca8a1427a9aad7cc071,1532707813448415,0.20492933690547943,2250.471923828125,893.0919799804688,95.90599822998047
687b005e95e64ca8a1427a9aad7cc071,1532707813948288,0.20522701740264893,2250.48095703125,893.1320190429688,95.90599822998047
687b005e95e64ca8a1427a9aad7cc071,1532707814449082,0.39418044686317444,2250.501953125,893.0560302734375,95.90599822998047
687b005e95e64ca8a1427a9aad7cc071,1532707814948037,0.0,2250.501953125,893.0560302734375,95.78010559082031
687b005e95e64ca8a1427a9aad7cc071,1532707815447375,0.4661807417869568,2250.49267578125,893.1488037109375,95.78010559082031
687b005e95e64ca8a1427a9aad7cc071,1532707815947807,10.983981132507324,2250.3525390625,895.3411254882812,93.65550994873047
687b005e95e64ca8a1427a9aad7cc071,1532707816447669,0.0,2250.3525390625,895.3411254882812,5.444336891174316
687b005e95e64ca8a1427a9aad7cc071,1532707816948141,5.488430023193359,2251.43994140625,895.4910278320312,7.850353240966797
687b005e95e64ca8a1427a9aad7cc071,1532707817398183,8.492327690124512,2253.1171875,895.7586669921875,9.065584182739258
687b005e95e64ca8a1427a9aad7cc071,1532707817898626,13.526017189025879,2255.808349609375,896.033935546875,5.8399739265441895
687b005e95e64ca8a1427a9aad7cc071,1532707818448836,17.663101196289062,2259.313720703125,895.5960083007812,-7.12141752243042
687b005e95e64ca8a1427a9aad7cc071,1532707818949278,15.105866432189941,2262.061279296875,894.3396606445312,-24.572368621826172
687b005e95e64ca8a1427a9aad7cc071,1532707819399371,16.244611740112305,2264.41357421875,892.0986328125,-43.612525939941406
687b005e95e64ca8a1427a9aad7cc071,1532707819899230,20.555566787719727,2265.376953125,888.1019897460938,-76.44674682617188
687b005e95e64ca8a1427a9aad7cc071,1532707820399111,6.303474426269531,2264.12939453125,887.9204711914062,-171.7213592529297
6abad5f028dc467793484cc6266a2a09,1532707811049131,0.9150837063789368,2250.74609375,867.406982421875,90.87999725341797
6abad5f028dc467793484cc6266a2a09,1532707811549019,0.9150837063789368,2250.56396484375,867.3889770507812,90.87999725341797
6abad5f028dc467793484cc6266a2a09,1532707812049440,0.3801977336406708,2250.501953125,867.4329833984375,90.87999725341797
6abad5f028dc467793484cc6266a2a09,1532707812449231,0.15511608123779297,2250.532958984375,867.4340209960938,90.87999725341797
6abad5f028dc467793484cc6266a2a09,1532707812949109,0.150146484375,2250.56298828125,867.4340209960938,90.87999725341797
6abad5f028dc467793484cc6266a2a09,1532707813448415,0.074462890625,2250.577880859375,867.4340209960938,90.87999725341797
6abad5f028dc467793484cc6266a2a09,1532707813948288,0.08071423321962357,2250.593994140625,867.4349975585938,90.87999725341797
6abad5f028dc467793484cc6266a2a09,1532707814449082,0.0244140625,2250.589111328125,867.4349975585938,90.87999725341797
6abad5f028dc467793484cc6266a2a09,1532707814948037,0.0,2250.589111328125,867.4349975585938,90.87854766845703
6abad5f028dc467793484cc6266a2a09,1532707815447375,0.0,2250.589111328125,867.4349975585938,90.87854766845703
6abad5f028dc467793484cc6266a2a09,1532707815947807,0.0,2250.589111328125,867.4349975585938,90.87854766845703
6abad5f028dc467793484cc6266a2a09,1532707816447669,0.0,2250.589111328125,867.4349975585938,90.87854766845703
6abad5f028dc467793484cc6266a2a09,1532707816948141,5.2014946937561035,2249.657470703125,867.8978881835938,153.57997131347656
6abad5f028dc467793484cc6266a2a09,1532707817398183,5.940686225891113,2248.8330078125,867.0423583984375,-133.9363250732422
6abad5f028dc467793484cc6266a2a09,1532707817898626,0.5136999487876892,2248.8955078125,866.9608154296875,-52.5142936706543
6abad5f028dc467793484cc6266a2a09,1532707818448836,0.0,2248.8955078125,866.9608154296875,-45.816551208496094
6abad5f028dc467793484cc6266a2a09,1532707818949278,2.3728902339935303,2248.99462890625,866.4967041015625,-77.93614959716797
6abad5f028dc467793484cc6266a2a09,1532707819399371,0.0,2248.99462890625,866.4967041015625,-94.70173645019531
6abad5f028dc467793484cc6266a2a09,1532707819899230,0.0,2248.99462890625,866.4967041015625,-94.70173645019531
6abad5f028dc467793484cc6266a2a09,1532707820399111,0.0,2248.99462890625,866.4967041015625,-94.70173645019531
7381cd68f13a4026bf50b5f2f2097ca4,1532707811049131,0.5504363775253296,2235.1298828125,892.6539916992188,93.22200012207031
7381cd68f13a4026bf50b5f2f2097ca4,1532707811549019,0.5504363775253296,2235.02001953125,892.64697265625,93.22200012207031
7381cd68f13a4026bf50b5f2f2097ca4,1532707812049440,0.556224524974823,2234.908935546875,892.6409912109375,93.22200012207031
7381cd68f13a4026bf50b5f2f2097ca4,1532707812449231,0.11484993249177933,2234.885986328125,892.6400146484375,93.22200012207031
7381cd68f13a4026bf50b5f2f2097ca4,1532707812949109,0.114863321185112,2234.863037109375,892.6389770507812,93.22200012207031
7381cd68f13a4026bf50b5f2f2097ca4,1532707813448415,0.11029645800590515,2234.841064453125,892.6370239257812,93.22200012207031
7381cd68f13a4026bf50b5f2f2097ca4,1532707813948288,0.0048828125,2234.842041015625,892.6370239257812,93.22200012207031
7381cd68f13a4026bf50b5f2f2097ca4,1532707814449082,0.0048828125,2234.843017578125,892.6370239257812,93.22200012207031
7381cd68f13a4026bf50b5f2f2097ca4,1532707814948037,0.0,2234.843017578125,892.6370239257812,93.22199249267578
7381cd68f13a4026bf50b5f2f2097ca4,1532707815447375,0.0,2234.843017578125,892.6370239257812,93.22199249267578
7381cd68f13a4026bf50b5f2f2097ca4,1532707815947807,0.0,2234.843017578125,892.6370239257812,93.22199249267578
7381cd68f13a4026bf50b5f2f2097ca4,1532707816447669,0.0,2234.843017578125,892.6370239257812,93.22199249267578
7381cd68f13a4026bf50b5f2f2097ca4,1532707816948141,5.860874176025391,2233.75927734375,893.0836791992188,157.5999755859375
7381cd68f13a4026bf50b5f2f2097ca4,1532707817398183,6.798888206481934,2233.107666015625,891.8901977539062,-118.63196563720703
7381cd68f13a4026bf50b5f2f2097ca4,1532707817898626,2.879573106765747,2233.640869140625,891.6725463867188,-22.208715438842773
7381cd68f13a4026bf50b5f2f2097ca4,1532707818448836,0.0,2233.640869140625,891.6725463867188,18.204059600830078
7381cd68f13a4026bf50b5f2f2097ca4,1532707818949278,1.0584161281585693,2233.822509765625,891.78125,30.877832412719727
7381cd68f13a4026bf50b5f2f2097ca4,1532707819399371,0.0,2233.822509765625,891.78125,33.852909088134766
7381cd68f13a4026bf50b5f2f2097ca4,1532707819899230,0.0,2233.822509765625,891.78125,33.852909088134766
7381cd68f13a4026bf50b5f2f2097ca4,1532707820399111,0.0,2233.822509765625,891.78125,33.852909088134766
7c0969d8b0db4450bf5760d5b7991eff,1532707811049131,24.087541580200195,2110.8740234375,873.72998046875,1.4110000133514404
7c0969d8b0db4450bf5760d5b7991eff,1532707811549019,24.087541580200195,2115.68994140625,873.853759765625,1.5855774879455566
7c0969d8b0db4450bf5760d5b7991eff,1532707812049440,24.510290145874023,2120.589599609375,874.0071411132812,2.0458085536956787
7c0969d8b0db4450bf5760d5b7991eff,1532707812449231,18.964340209960938,2124.37939453125,874.1597900390625,2.597060203552246
7c0969d8b0db4450bf5760d5b7991eff,1532707812949109,22.185562133789062,2128.810302734375,874.3943481445312,3.5241119861602783
7c0969d8b0db4450bf5760d5b7991eff,1532707813448415,19.99363899230957,2132.798828125,874.6798095703125,4.733822345733643
7c0969d8b0db4450bf5760d5b7991eff,1532707813948288,17.678590774536133,2136.318603515625,875.0151977539062,6.230858325958252
7c0969d8b0db4450bf5760d5b7991eff,1532707814449082,15.492164611816406,2139.3935546875,875.3959350585938,7.947565078735352
7c0969d8b0db4450bf5760d5b7991eff,1532707814948037,15.396777153015137,2142.42822265625,875.9186401367188,9.773031234741211
7c0969d8b0db4450bf5760d5b7991eff,1532707815447375,15.52661418914795,2145.474853515625,876.51953125,11.158135414123535
7c0969d8b0db4450bf5760d5b7991eff,1532707815947807,15.927931785583496,2148.5908203125,877.181884765625,12.000617980957031
7c0969d8b0db4450bf5760d5b7991eff,1532707816447669,15.626760482788086,2151.664306640625,877.7489013671875,10.452775001525879
7c0969d8b0db4450bf5760d5b7991eff,1532707816948141,14.34933090209961,2154.218994140625,879.0564575195312,27.10409164428711
7c0969d8b0db4450bf5760d5b7991eff,1532707817398183,15.865547180175781,2156.62255859375,881.1280517578125,40.75674057006836
7c0969d8b0db4450bf5760d5b7991eff,1532707817898626,16.42447280883789,2158.6376953125,883.7222290039062,52.161773681640625
7c0969d8b0db4450bf5760d5b7991eff,1532707818448836,14.64905834197998,2160.270263671875,886.155029296875,56.13581466674805
7c0969d8b0db4450bf5760d5b7991eff,1532707818949278,14.952391624450684,2157.35595703125,886.82568359375,167.04025268554688
7c0969d8b0db4450bf5760d5b7991eff,1532707819399371,16.319257736206055,2158.7041015625,883.853271484375,-65.60160827636719
7c0969d8b0db4450bf5760d5b7991eff,1532707819899230,15.236780166625977,2159.561279296875,886.777587890625,73.66411590576172
7c0969d8b0db4450bf5760d5b7991eff,1532707820399111,0.0,2159.561279296875,886.777587890625,-177.08126831054688
84af126832df43e88acc85625aaf3f5f,1532707811049131,0.2819112241268158,2234.43798828125,866.9500122070312,92.25
84af126832df43e88acc85625aaf3f5f,1532707811549019,0.2819112241268158,2234.386962890625,866.926025390625,92.25
84af126832df43e88acc85625aaf3f5f,1532707812049440,0.2864656150341034,2234.3349609375,866.9019775390625,92.25
84af126832df43e88acc85625aaf3f5f,1532707812449231,0.29964858293533325,2234.281982421875,866.9299926757812,92.25
84af126832df43e88acc85625aaf3f5f,1532707812949109,0.30397361516952515,2234.22802734375,866.9580078125,92.25
84af126832df43e88acc85625aaf3f5f,1532707813448415,0.1393059641122818,2234.218017578125,866.9840087890625,92.25
84af126832df43e88acc85625aaf3f5f,1532707813948288,0.14387346804141998,2234.2080078125,867.010986328125,92.25
84af126832df43e88acc85625aaf3f5f,1532707814449082,0.0,2234.2080078125,867.010986328125,92.25
84af126832df43e88acc85625aaf3f5f,1532707814948037,0.0,2234.2080078125,867.010986328125,92.25
84af126832df43e88acc85625aaf3f5f,1532707815447375,0.0,2234.2080078125,867.010986328125,92.25
84af126832df43e88acc85625aaf3f5f,1532707815947807,0.0,2234.2080078125,867.010986328125,92.25
84af126832df43e88acc85625aaf3f5f,1532707816447669,0.0,2234.2080078125,867.010986328125,92.25
84af126832df43e88acc85625aaf3f5f,1532707816948141,5.620729923248291,2233.181640625,867.4695434570312,155.92596435546875
84af126832df43e88acc85625aaf3f5f,1532707817398183,6.842203617095947,2232.40625,866.3419799804688,-124.51914978027344
84af126832df43e88acc85625aaf3f5f,1532707817898626,0.0,2232.40625,866.3419799804688,-29.20531463623047
84af126832df43e88acc85625aaf3f5f,1532707818448836,0.0,2232.40625,866.3419799804688,-29.205310821533203
84af126832df43e88acc85625aaf3f5f,1532707818949278,2.278669834136963,2232.7001953125,865.9937133789062,-49.83678436279297
84af126832df43e88acc85625aaf3f5f,1532707819399371,0.0,2232.7001953125,865.9937133789062,-60.04948806762695
84af126832df43e88acc85625aaf3f5f,1532707819899230,0.0,2232.7001953125,865.9937133789062,-60.04949188232422
84af126832df43e88acc85625aaf3f5f,1532707820399111,0.0,2232.7001953125,865.9937133789062,-60.04949188232422
886a210dd2b14a0097219577d52ef8a1,1532707811049131,0.6932551860809326,2231.715087890625,867.0900268554688,93.66300201416016
886a210dd2b14a0097219577d52ef8a1,1532707811549019,0.6932551860809326,2231.577880859375,867.1099853515625,93.66300201416016
886a210dd2b14a0097219577d52ef8a1,1532707812049440,0.6969231367111206,2231.43994140625,867.1300048828125,93.66300201416016
886a210dd2b14a0097219577d52ef8a1,1532707812449231,0.3196919560432434,2231.381103515625,867.155029296875,93.66300201416016
886a210dd2b14a0097219577d52ef8a1,1532707812949109,0.06925876438617706,2231.39404296875,867.1599731445312,93.66300201416016
886a210dd2b14a0097219577d52ef8a1,1532707813448415,0.06483818590641022,2231.406005859375,867.1649780273438,93.66300201416016
886a210dd2b14a0097219577d52ef8a1,1532707813948288,0.24494799971580505,2231.368896484375,867.1329956054688,93.66300201416016
886a210dd2b14a0097219577d52ef8a1,1532707814449082,0.2474554032087326,2231.33203125,867.0999755859375,93.66300201416016
886a210dd2b14a0097219577d52ef8a1,1532707814948037,0.0,2231.33203125,867.0999755859375,93.65895080566406
886a210dd2b14a0097219577d52ef8a1,1532707815447375,0.0,2231.33203125,867.0999755859375,93.65895080566406
886a210dd2b14a0097219577d52ef8a1,1532707815947807,0.0,2231.33203125,867.0999755859375,93.65895080566406
886a210dd2b14a0097219577d52ef8a1,1532707816447669,0.0,2231.33203125,867.0999755859375,93.65895080566406
886a210dd2b14a0097219577d52ef8a1,1532707816948141,5.6757001876831055,2230.27783203125,867.5209350585938,158.23260498046875
886a210dd2b14a0097219577d52ef8a1,1532707817398183,7.001097679138184,2229.56884765625,866.3134765625,-120.42401885986328
886a210dd2b14a0097219577d52ef8a1,1532707817898626,0.0,2229.56884765625,866.3134765625,-22.107749938964844
886a210dd2b14a0097219577d52ef8a1,1532707818448836,0.0,2229.56884765625,866.3134765625,-22.10774803161621
886a210dd2b14a0097219577d52ef8a1,1532707818949278,2.3087286949157715,2229.93359375,866.0303344726562,-37.82532501220703
886a210dd2b14a0097219577d52ef8a1,1532707819399371,0.0,2229.93359375,866.0303344726562,-45.71101379394531
886a210dd2b14a0097219577d52ef8a1,1532707819899230,0.0,2229.93359375,866.0303344726562,-45.71101760864258
886a210dd2b14a0097219577d52ef8a1,1532707820399111,0.0,2229.93359375,866.0303344726562,-45.711021423339844
97b32334a4784b48a71a69abd2c742d2,1532707811049131,0.7148762941360474,2271.489013671875,871.9639892578125,93.6050033569336
97b32334a4784b48a71a69abd2c742d2,1532707811549019,0.7148762941360474,2271.39892578125,872.0750122070312,93.34184265136719
97b32334a4784b48a71a69abd2c742d2,1532707812049440,0.7169532179832458,2271.30810546875,872.1859741210938,93.07868194580078
97b32334a4784b48a71a69abd2c742d2,1532707812449231,0.45378848910331726,2271.320068359375,872.0960083007812,93.40376281738281
97b32334a4784b48a71a69abd2c742d2,1532707812949109,0.45959359407424927,2271.3330078125,872.0050048828125,93.72883605957031
97b32334a4784b48a71a69abd2c742d2,1532707813448415,1.368706226348877,2271.408935546875,872.2680053710938,95.7205810546875
97b32334a4784b48a71a69abd2c742d2,1532707813948288,9.61130428314209,2269.625,872.9840087890625,96.99803924560547
97b32334a4784b48a71a69abd2c742d2,1532707814449082,4.955185413360596,2268.68603515625,873.301025390625,98.66011810302734
97b32334a4784b48a71a69abd2c742d2,1532707814948037,3.7195138931274414,2268.559326171875,874.0340576171875,99.80575561523438
97b32334a4784b48a71a69abd2c742d2,1532707815447375,3.0094661712646484,2268.444091796875,874.6248168945312,101.02757263183594
97b32334a4784b48a71a69abd2c742d2,1532707815947807,4.6007490158081055,2268.191162109375,875.509521484375,105.95101165771484
97b32334a4784b48a71a69abd2c742d2,1532707816447669,0.0,2268.191162109375,875.509521484375,119.42127990722656
97b32334a4784b48a71a69abd2c742d2,1532707816948141,5.0716633796691895,2267.231201171875,875.181884765625,-161.15618896484375
97b32334a4784b48a71a69abd2c742d2,1532707817398183,5.905303955078125,2267.596435546875,874.0587158203125,-71.9894790649414
97b32334a4784b48a71a69abd2c742d2,1532707817898626,0.0,2267.596435546875,874.0587158203125,30.735740661621094
97b32334a4784b48a71a69abd2c742d2,1532707818448836,0.0,2267.596435546875,874.0587158203125,30.735748291015625
97b32334a4784b48a71a69abd2c742d2,1532707818949278,3.1977591514587402,2267.979248046875,874.571044921875,53.228790283203125
97b32334a4784b48a71a69abd2c742d2,1532707819399371,2.357605218887329,2268.138916015625,875.0147094726562,70.20346069335938
97b32334a4784b48a71a69abd2c742d2,1532707819899230,0.09358303248882294,2268.14013671875,875.0333862304688,86.12588500976562
97b32334a4784b48a71a69abd2c742d2,1532707820399111,0.0,2268.14013671875,875.0333862304688,86.80860137939453
9997bd2ecfb44d0fa2c2843790e6f64b,1532707811049131,0.0,2218.9599609375,898.2449951171875,0.0
9997bd2ecfb44d0fa2c2843790e6f64b,1532707811549019,0.0,2218.9599609375,898.2449951171875,0.0
9997bd2ecfb44d0fa2c2843790e6f64b,1532707812049440,0.0,2218.9599609375,898.2449951171875,0.0
9997bd2ecfb44d0fa2c2843790e6f64b,1532707812449231,0.0,2218.9599609375,898.2449951171875,0.0
9997bd2ecfb44d0fa2c2843790e6f64b,1532707812949109,0.0,2218.9599609375,898.2449951171875,4.090000152587891
9997bd2ecfb44d0fa2c2843790e6f64b,1532707813448415,0.23025061190128326,2218.925048828125,898.2750244140625,4.090000152587891
9997bd2ecfb44d0fa2c2843790e6f64b,1532707813948288,0.09046390652656555,2218.943115234375,898.2760009765625,4.090000152587891
9997bd2ecfb44d0fa2c2843790e6f64b,1532707814449082,0.0848284363746643,2218.9599609375,898.2780151367188,4.090000152587891
9997bd2ecfb44d0fa2c2843790e6f64b,1532707814948037,0.0,2218.9599609375,898.2780151367188,4.087884426116943
9997bd2ecfb44d0fa2c2843790e6f64b,1532707815447375,0.0,2218.9599609375,898.2780151367188,4.087884426116943
9997bd2ecfb44d0fa2c2843790e6f64b,1532707815947807,0.0,2218.9599609375,898.2780151367188,4.087883949279785
9997bd2ecfb44d0fa2c2843790e6f64b,1532707816447669,0.0,2218.9599609375,898.2780151367188,4.087883472442627
9997bd2ecfb44d0fa2c2843790e6f64b,1532707816948141,3.775519371032715,2219.7099609375,898.3656616210938,6.667049407958984
9997bd2ecfb44d0fa2c2843790e6f64b,1532707817398183,5.1183085441589355,2220.72216796875,898.5183715820312,8.57742691040039
9997bd2ecfb44d0fa2c2843790e6f64b,1532707817898626,6.777337074279785,2222.05517578125,898.7640991210938,10.444683074951172
9997bd2ecfb44d0fa2c2843790e6f64b,1532707818448836,0.0,2222.05517578125,898.7640991210938,9.735575675964355
9997bd2ecfb44d0fa2c2843790e6f64b,1532707818949278,4.766053199768066,2222.972412109375,899.0234985351562,15.791669845581055
9997bd2ecfb44d0fa2c2843790e6f64b,1532707819399371,5.441781997680664,2223.98388671875,899.42529296875,21.6627140045166
9997bd2ecfb44d0fa2c2843790e6f64b,1532707819899230,0.0,2223.98388671875,899.42529296875,26.24185562133789
9997bd2ecfb44d0fa2c2843790e6f64b,1532707820399111,0.0,2223.98388671875,899.42529296875,26.24185562133789
9e98718c0bb74c5ba0f6f2c3678b5950,1532707811049131,0.624997079372406,2259.493896484375,892.3809814453125,-86.53500366210938
9e98718c0bb74c5ba0f6f2c3678b5950,1532707811549019,0.624997079372406,2259.37890625,892.4299926757812,-86.53500366210938
9e98718c0bb74c5ba0f6f2c3678b5950,1532707812049440,0.12630590796470642,2259.402099609375,892.4199829101562,-86.53500366210938
9e98718c0bb74c5ba0f6f2c3678b5950,1532707812449231,0.30387234687805176,2259.45703125,892.4459838867188,-86.53500366210938
9e98718c0bb74c5ba0f6f2c3678b5950,1532707812949109,0.23806214332580566,2259.4208984375,892.4769897460938,-86.53500366210938
9e98718c0bb74c5ba0f6f2c3678b5950,1532707813448415,0.18607041239738464,2259.43603515625,892.510986328125,-86.53500366210938
9e98718c0bb74c5ba0f6f2c3678b5950,1532707813948288,0.1884840428829193,2259.449951171875,892.5460205078125,-86.53500366210938
9e98718c0bb74c5ba0f6f2c3678b5950,1532707814449082,0.0,2259.449951171875,892.5460205078125,-86.53500366210938
9e98718c0bb74c5ba0f6f2c3678b5950,1532707814948037,0.0,2259.449951171875,892.5460205078125,-86.53500366210938
9e98718c0bb74c5ba0f6f2c3678b5950,1532707815447375,0.0,2259.449951171875,892.5460205078125,-86.53500366210938
9e98718c0bb74c5ba0f6f2c3678b5950,1532707815947807,0.0,2259.449951171875,892.5460205078125,-86.53500366210938
9e98718c0bb74c5ba0f6f2c3678b5950,1532707816447669,0.0,2259.449951171875,892.5460205078125,-86.53500366210938
9e98718c0bb74c5ba0f6f2c3678b5950,1532707816948141,4.221582412719727,2258.749755859375,892.07421875,-146.0240020751953
9e98718c0bb74c5ba0f6f2c3678b5950,1532707817398183,4.046170234680176,2257.99560546875,892.36767578125,158.73931884765625
9e98718c0bb74c5ba0f6f2c3678b5950,1532707817898626,2.703711986541748,2257.84375,892.8866577148438,106.30882263183594
9e98718c0bb74c5ba0f6f2c3678b5950,1532707818448836,0.0,2257.84375,892.8866577148438,71.8342514038086
9e98718c0bb74c5ba0f6f2c3678b5950,1532707818949278,1.4701908826828003,2257.68896484375,893.1366577148438,121.74906921386719
9e98718c0bb74c5ba0f6f2c3678b5950,1532707819399371,0.0,2257.68896484375,893.1366577148438,137.91842651367188
9e98718c0bb74c5ba0f6f2c3678b5950,1532707819899230,0.0,2257.68896484375,893.1366577148438,137.91842651367188
9e98718c0bb74c5ba0f6f2c3678b5950,1532707820399111,0.0,2257.68896484375,893.1366577148438,137.91842651367188
a1fdc7aed21f479185d4a87c8a92b58e,1532707811049131,0.0,2175.35888671875,864.9240112304688,0.0
a1fdc7aed21f479185d4a87c8a92b58e,1532707811549019,0.0,2175.35888671875,864.9240112304688,0.0
a1fdc7aed21f479185d4a87c8a92b58e,1532707812049440,0.0,2175.35888671875,864.9240112304688,0.0
a1fdc7aed21f479185d4a87c8a92b58e,1532707812449231,0.0,2175.35888671875,864.9240112304688,0.0
a1fdc7aed21f479185d4a87c8a92b58e,1532707812949109,0.0,2175.35888671875,864.9240112304688,0.0
a1fdc7aed21f479185d4a87c8a92b58e,1532707813448415,0.0,2175.35888671875,864.9240112304688,0.0
a1fdc7aed21f479185d4a87c8a92b58e,1532707813948288,0.0,2175.35888671875,864.9240112304688,0.0
a1fdc7aed21f479185d4a87c8a92b58e,1532707814449082,0.0,2175.35888671875,864.9240112304688,94.1989974975586
a1fdc7aed21f479185d4a87c8a92b58e,1532707814948037,0.0,2175.35888671875,864.9240112304688,94.19900512695312
a1fdc7aed21f479185d4a87c8a92b58e,1532707815447375,0.0,2175.35888671875,864.9240112304688,94.19900512695312
a1fdc7aed21f479185d4a87c8a92b58e,1532707815947807,0.0,2175.35888671875,864.9240112304688,94.19900512695312
a1fdc7aed21f479185d4a87c8a92b58e,1532707816447669,0.0,2175.35888671875,864.9240112304688,94.19900512695312
a1fdc7aed21f479185d4a87c8a92b58e,1532707816948141,5.601397514343262,2174.308349609375,865.3131103515625,159.67559814453125
a1fdc7aed21f479185d4a87c8a92b58e,1532707817398183,8.060933113098145,2173.530029296875,863.9012451171875,-118.8682632446289
a1fdc7aed21f479185d4a87c8a92b58e,1532707817898626,0.0,2173.530029296875,863.9012451171875,-3.133704423904419
a1fdc7aed21f479185d4a87c8a92b58e,1532707818448836,0.0,2173.530029296875,863.9012451171875,-3.133699893951416
a1fdc7aed21f479185d4a87c8a92b58e,1532707818949278,1.6312426328659058,2173.854736328125,863.8695678710938,-5.577359199523926
a1fdc7aed21f479185d4a87c8a92b58e,1532707819399371,0.0,2173.854736328125,863.8695678710938,-6.431240081787109
a1fdc7aed21f479185d4a87c8a92b58e,1532707819899230,0.0,2173.854736328125,863.8695678710938,-6.431239604949951
a1fdc7aed21f479185d4a87c8a92b58e,1532707820399111,0.0,2173.854736328125,863.8695678710938,-6.431239128112793
a5def2e1eefe4f479bb22860386de90a,1532707811049131,0.759374737739563,2220.681884765625,866.052001953125,90.10800170898438
a5def2e1eefe4f479bb22860386de90a,1532707811549019,0.759374737739563,2220.6279296875,866.1939697265625,90.10800170898438
a5def2e1eefe4f479bb22860386de90a,1532707812049440,0.7533667683601379,2220.574951171875,866.3350219726562,90.10800170898438
a5def2e1eefe4f479bb22860386de90a,1532707812449231,0.4431169033050537,2220.52197265625,866.2639770507812,90.10800170898438
a5def2e1eefe4f479bb22860386de90a,1532707812949109,0.18857097625732422,2220.551025390625,866.2880249023438,90.10800170898438
a5def2e1eefe4f479bb22860386de90a,1532707813448415,0.1921669989824295,2220.5810546875,866.31201171875,90.10800170898438
a5def2e1eefe4f479bb22860386de90a,1532707813948288,0.18530602753162384,2220.610107421875,866.3350219726562,90.10800170898438
a5def2e1eefe4f479bb22860386de90a,1532707814449082,0.1570964753627777,2220.5810546875,866.3469848632812,90.10800170898438
a5def2e1eefe4f479bb22860386de90a,1532707814948037,0.0,2220.5810546875,866.3469848632812,90.11518096923828
a5def2e1eefe4f479bb22860386de90a,1532707815447375,0.0,2220.5810546875,866.3469848632812,90.11518096923828
a5def2e1eefe4f479bb22860386de90a,1532707815947807,0.0,2220.5810546875,866.3469848632812,90.11518096923828
a5def2e1eefe4f479bb22860386de90a,1532707816447669,0.0,2220.5810546875,866.3469848632812,90.11518096923828
a5def2e1eefe4f479bb22860386de90a,1532707816948141,5.581857681274414,2219.59130859375,866.8634033203125,152.44700622558594
a5def2e1eefe4f479bb22860386de90a,1532707817398183,7.172303676605225,2218.660400390625,865.7720336914062,-130.4635772705078
a5def2e1eefe4f479bb22860386de90a,1532707817898626,0.0,2218.660400390625,865.7720336914062,-32.468894958496094
a5def2e1eefe4f479bb22860386de90a,1532707818448836,0.0,2218.660400390625,865.7720336914062,-32.468894958496094
a5def2e1eefe4f479bb22860386de90a,1532707818949278,2.3051698207855225,2218.921630859375,865.3921508789062,-55.48029708862305
a5def2e1eefe4f479bb22860386de90a,1532707819399371,0.0,2218.921630859375,865.3921508789062,-66.96887969970703
a5def2e1eefe4f479bb22860386de90a,1532707819899230,0.0,2218.921630859375,865.3921508789062,-66.96887969970703
a5def2e1eefe4f479bb22860386de90a,1532707820399111,0.0,2218.921630859375,865.3921508789062,-66.96887969970703
ad2acd52803b4d199bfca15366de91e9,1532707811049131,0.6412196159362793,2295.989013671875,870.6699829101562,94.08699798583984
ad2acd52803b4d199bfca15366de91e9,1532707811549019,0.6412196159362793,2295.861083984375,870.6610107421875,94.08699798583984
ad2acd52803b4d199bfca15366de91e9,1532707812049440,0.6412196159362793,2295.989013671875,870.6699829101562,94.08699798583984
ad2acd52803b4d199bfca15366de91e9,1532707812449231,0.0,2295.989013671875,870.6699829101562,94.08699798583984
ad2acd52803b4d199bfca15366de91e9,1532707812949109,0.0,2295.989013671875,870.6699829101562,94.08699798583984
ad2acd52803b4d199bfca15366de91e9,1532707813448415,0.5052402019500732,2295.89111328125,870.6950073242188,94.08699798583984
ad2acd52803b4d199bfca15366de91e9,1532707813948288,0.50634765625,2295.79296875,870.719970703125,94.08699798583984
ad2acd52803b4d199bfca15366de91e9,1532707814449082,0.5099723935127258,2295.694091796875,870.7449951171875,94.08699798583984
ad2acd52803b4d199bfca15366de91e9,1532707814948037,0.0,2295.694091796875,870.7449951171875,93.9988021850586
ad2acd52803b4d199bfca15366de91e9,1532707815447375,0.0,2295.694091796875,870.7449951171875,93.9988021850586
ad2acd52803b4d199bfca15366de91e9,1532707815947807,0.0,2295.694091796875,870.7449951171875,93.9988021850586
ad2acd52803b4d199bfca15366de91e9,1532707816447669,0.0,2295.694091796875,870.7449951171875,93.9988021850586
ad2acd52803b4d199bfca15366de91e9,1532707816948141,5.108889102935791,2294.74560546875,871.125,158.16619873046875
ad2acd52803b4d199bfca15366de91e9,1532707817398183,5.88880729675293,2293.996337890625,870.21630859375,-129.50442504882812
ad2acd52803b4d199bfca15366de91e9,1532707817898626,0.0,2293.996337890625,870.21630859375,-48.274845123291016
ad2acd52803b4d199bfca15366de91e9,1532707818448836,0.0,2293.996337890625,870.21630859375,-48.274845123291016
ad2acd52803b4d199bfca15366de91e9,1532707818949278,1.325677514076233,2294.0322265625,869.95361328125,-82.23808288574219
ad2acd52803b4d199bfca15366de91e9,1532707819399371,0.0,2294.0322265625,869.95361328125,-93.10231018066406
ad2acd52803b4d199bfca15366de91e9,1532707819899230,0.0,2294.0322265625,869.95361328125,-93.10231018066406
ad2acd52803b4d199bfca15366de91e9,1532707820399111,0.0,2294.0322265625,869.95361328125,-93.10231018066406
af2b3b7703bb4348a6748b4e3be20812,1532707811049131,0.25782638788223267,2226.166015625,866.5980224609375,-88.72200012207031
af2b3b7703bb4348a6748b4e3be20812,1532707811549019,0.25782638788223267,2226.1220703125,866.625,-88.72200012207031
af2b3b7703bb4348a6748b4e3be20812,1532707812049440,0.25647422671318054,2226.0791015625,866.6530151367188,-88.72200012207031
af2b3b7703bb4348a6748b4e3be20812,1532707812449231,0.2616082727909088,2226.034912109375,866.6810302734375,-88.72200012207031
af2b3b7703bb4348a6748b4e3be20812,1532707812949109,0.3052148222923279,2226.095947265625,866.6820068359375,-88.72200012207031
af2b3b7703bb4348a6748b4e3be20812,1532707813448415,0.3003326654434204,2226.156005859375,866.6829833984375,-88.72200012207031
af2b3b7703bb4348a6748b4e3be20812,1532707813948288,0.25029176473617554,2226.10595703125,866.6820068359375,-88.72200012207031
af2b3b7703bb4348a6748b4e3be20812,1532707814449082,0.24540990591049194,2226.056884765625,866.6810302734375,-88.72200012207031
af2b3b7703bb4348a6748b4e3be20812,1532707814948037,0.0,2226.056884765625,866.6810302734375,-88.71634674072266
af2b3b7703bb4348a6748b4e3be20812,1532707815447375,0.0,2226.056884765625,866.6810302734375,-88.71634674072266
af2b3b7703bb4348a6748b4e3be20812,1532707815947807,0.0,2226.056884765625,866.6810302734375,-88.71634674072266
af2b3b7703bb4348a6748b4e3be20812,1532707816447669,0.0,2226.056884765625,866.6810302734375,-88.71634674072266
af2b3b7703bb4348a6748b4e3be20812,1532707816948141,4.728937149047852,2225.24072265625,866.203125,-149.64825439453125
af2b3b7703bb4348a6748b4e3be20812,1532707817398183,6.075173377990723,2224.21484375,866.8541870117188,147.5987548828125
af2b3b7703bb4348a6748b4e3be20812,1532707817898626,6.4384846687316895,2224.6953125,868.0488891601562,68.0940933227539
af2b3b7703bb4348a6748b4e3be20812,1532707818448836,0.0,2224.6953125,868.0488891601562,-16.033084869384766
af2b3b7703bb4348a6748b4e3be20812,1532707818949278,2.9917359352111816,2225.22607421875,867.7726440429688,-27.49070930480957
af2b3b7703bb4348a6748b4e3be20812,1532707819399371,2.3696677684783936,2225.614501953125,867.5010986328125,-34.95615005493164
af2b3b7703bb4348a6748b4e3be20812,1532707819899230,0.0,2225.614501953125,867.5010986328125,-40.523277282714844
af2b3b7703bb4348a6748b4e3be20812,1532707820399111,0.0,2225.614501953125,867.5010986328125,-40.523277282714844
af97bb502d4347e6b44f1c7f808001a4,1532707811049131,0.0,2228.822998046875,854.1710205078125,0.0
af97bb502d4347e6b44f1c7f808001a4,1532707811549019,0.0,2228.822998046875,854.1710205078125,0.0
af97bb502d4347e6b44f1c7f808001a4,1532707812049440,0.0,2228.822998046875,854.1710205078125,-91.60199737548828
af97bb502d4347e6b44f1c7f808001a4,1532707812449231,0.0,2228.822998046875,854.1710205078125,-91.60199737548828
af97bb502d4347e6b44f1c7f808001a4,1532707812949109,0.0,2228.822998046875,854.1710205078125,-91.60199737548828
af97bb502d4347e6b44f1c7f808001a4,1532707813448415,0.150146484375,2228.822998046875,854.1409912109375,-91.60199737548828
af97bb502d4347e6b44f1c7f808001a4,1532707813948288,0.15510617196559906,2228.822021484375,854.1099853515625,-91.60199737548828
af97bb502d4347e6b44f1c7f808001a4,1532707814449082,0.15510617196559906,2228.821044921875,854.0789794921875,-91.60199737548828
af97bb502d4347e6b44f1c7f808001a4,1532707814948037,0.0,2228.821044921875,854.0789794921875,-91.58834838867188
af97bb502d4347e6b44f1c7f808001a4,1532707815447375,0.0,2228.821044921875,854.0789794921875,-91.58834838867188
af97bb502d4347e6b44f1c7f808001a4,1532707815947807,0.0,2228.821044921875,854.0789794921875,-91.58834838867188
af97bb502d4347e6b44f1c7f808001a4,1532707816447669,0.0,2228.821044921875,854.0789794921875,-91.58834838867188
af97bb502d4347e6b44f1c7f808001a4,1532707816948141,4.401265621185303,2228.02783203125,853.6973266601562,-154.306884765625
af97bb502d4347e6b44f1c7f808001a4,1532707817398183,5.404879570007324,2227.140625,854.3148803710938,145.16148376464844
af97bb502d4347e6b44f1c7f808001a4,1532707817898626,4.903870105743408,2227.458251953125,855.2427978515625,71.10420227050781
af97bb502d4347e6b44f1c7f808001a4,1532707818448836,0.0,2227.458251953125,855.2427978515625,3.990797758102417
af97bb502d4347e6b44f1c7f808001a4,1532707818949278,2.3863933086395264,2227.932373046875,855.297607421875,6.598560810089111
af97bb502d4347e6b44f1c7f808001a4,1532707819399371,0.0,2227.932373046875,855.297607421875,8.158927917480469
af97bb502d4347e6b44f1c7f808001a4,1532707819899230,0.0,2227.932373046875,855.297607421875,8.158927917480469
af97bb502d4347e6b44f1c7f808001a4,1532707820399111,0.0,2227.932373046875,855.297607421875,8.158927917480469
c3013d6a2f744d328d3bfe094fa82131,1532707811049131,30.592662811279297,2152.25,874.27001953125,1.375
c3013d6a2f744d328d3bfe094fa82131,1532707811549019,30.592662811279297,2158.360107421875,874.5910034179688,1.375
c3013d6a2f744d328d3bfe094fa82131,1532707812049440,28.655519485473633,2164.091064453125,874.6320190429688,1.375
c3013d6a2f744d328d3bfe094fa82131,1532707812449231,23.825340270996094,2168.85302734375,874.8040161132812,1.375
c3013d6a2f744d328d3bfe094fa82131,1532707812949109,32.318092346191406,2175.31591796875,874.9010009765625,1.375
c3013d6a2f744d328d3bfe094fa82131,1532707813448415,32.52235412597656,2181.81201171875,875.2310180664062,1.375
c3013d6a2f744d328d3bfe094fa82131,1532707813948288,32.507110595703125,2188.31201171875,875.3670043945312,1.375
c3013d6a2f744d328d3bfe094fa82131,1532707814449082,32.50864791870117,2194.81298828125,875.4660034179688,1.375
c3013d6a2f744d328d3bfe094fa82131,1532707814948037,32.38264083862305,2201.287841796875,875.61328125,1.3030654191970825
c3013d6a2f744d328d3bfe094fa82131,1532707815447375,32.106685638427734,2207.706298828125,875.8056030273438,1.7165701389312744
c3013d6a2f744d328d3bfe094fa82131,1532707815947807,32.0338249206543,2214.106201171875,876.10205078125,2.652211904525757
c3013d6a2f744d328d3bfe094fa82131,1532707816447669,32.23933029174805,2220.540283203125,876.5234375,3.747145652770996
c3013d6a2f744d328d3bfe094fa82131,1532707816948141,24.44335174560547,2225.28955078125,877.6825561523438,13.71526050567627
c3013d6a2f744d328d3bfe094fa82131,1532707817398183,25.419015884399414,2230.003173828125,879.5869750976562,21.99978256225586
c3013d6a2f744d328d3bfe094fa82131,1532707817898626,26.48870849609375,2234.674072265625,882.0867309570312,28.1551513671875
c3013d6a2f744d328d3bfe094fa82131,1532707818448836,26.299650192260742,2239.17529296875,884.80810546875,31.156494140625
c3013d6a2f744d328d3bfe094fa82131,1532707818949278,21.482004165649414,2237.10791015625,888.5744018554688,118.76275634765625
c3013d6a2f744d328d3bfe094fa82131,1532707819399371,23.06703758239746,2233.0732421875,886.3372192382812,-150.99232482910156
c3013d6a2f744d328d3bfe094fa82131,1532707819899230,23.571428298950195,2235.78857421875,882.4834594726562,-54.83132553100586
c3013d6a2f744d328d3bfe094fa82131,1532707820399111,27.54897117614746,2240.2216796875,885.75537109375,36.43040084838867
c876a26defcd416693532d21f76e74ba,1532707811049131,0.0,2172.89306640625,865.4119873046875,0.0
c876a26defcd416693532d21f76e74ba,1532707811549019,0.0,2172.89306640625,865.4119873046875,0.0
c876a26defcd416693532d21f76e74ba,1532707812049440,0.0,2172.89306640625,865.4119873046875,0.0
c876a26defcd416693532d21f76e74ba,1532707812449231,0.0,2172.89306640625,865.4119873046875,0.0
c876a26defcd416693532d21f76e74ba,1532707812949109,0.0,2172.89306640625,865.4119873046875,0.0
c876a26defcd416693532d21f76e74ba,1532707813448415,0.0,2172.89306640625,865.4119873046875,94.1989974975586
c876a26defcd416693532d21f76e74ba,1532707813948288,0.0,2172.89306640625,865.4119873046875,94.1989974975586
c876a26defcd416693532d21f76e74ba,1532707814449082,0.0,2172.89306640625,865.4119873046875,94.1989974975586
c876a26defcd416693532d21f76e74ba,1532707814948037,0.0,2172.89306640625,865.4119873046875,94.19900512695312
c876a26defcd416693532d21f76e74ba,1532707815447375,0.0,2172.89306640625,865.4119873046875,94.19900512695312
c876a26defcd416693532d21f76e74ba,1532707815947807,0.0,2172.89306640625,865.4119873046875,94.19900512695312
c876a26defcd416693532d21f76e74ba,1532707816447669,0.0,2172.89306640625,865.4119873046875,94.19900512695312
c876a26defcd416693532d21f76e74ba,1532707816948141,5.415766716003418,2171.87548828125,865.7831420898438,159.95870971679688
c876a26defcd416693532d21f76e74ba,1532707817398183,7.624290466308594,2171.093505859375,864.4740600585938,-120.8504409790039
c876a26defcd416693532d21f76e74ba,1532707817898626,2.5343172550201416,2171.594482421875,864.3970336914062,-8.739274978637695
c876a26defcd416693532d21f76e74ba,1532707818448836,0.0,2171.594482421875,864.3970336914062,28.673673629760742
c876a26defcd416693532d21f76e74ba,1532707818949278,0.8795174360275269,2171.7099609375,864.5297241210938,48.99419021606445
c876a26defcd416693532d21f76e74ba,1532707819399371,0.0,2171.7099609375,864.5297241210938,53.0120849609375
c876a26defcd416693532d21f76e74ba,1532707819899230,0.0,2171.7099609375,864.5297241210938,53.0120849609375
c876a26defcd416693532d21f76e74ba,1532707820399111,0.0,2171.7099609375,864.5297241210938,53.01209259033203
d18be2f1eeab4d2baaf9d56572929c71,1532707811049131,0.798721432685852,2237.841064453125,853.9669799804688,-86.26300048828125
d18be2f1eeab4d2baaf9d56572929c71,1532707811549019,0.798721432685852,2237.698974609375,854.0399780273438,-86.26300048828125
d18be2f1eeab4d2baaf9d56572929c71,1532707812049440,0.7374037504196167,2237.839111328125,853.9940185546875,-86.26300048828125
d18be2f1eeab4d2baaf9d56572929c71,1532707812449231,0.06988525390625,2237.839111328125,854.0079956054688,-86.26300048828125
d18be2f1eeab4d2baaf9d56572929c71,1532707812949109,0.06528835743665695,2237.837890625,854.02099609375,-86.26300048828125
d18be2f1eeab4d2baaf9d56572929c71,1532707813448415,0.07005562633275986,2237.8369140625,854.0349731445312,-86.26300048828125
d18be2f1eeab4d2baaf9d56572929c71,1532707813948288,0.08436992764472961,2237.820068359375,854.0339965820312,-86.26300048828125
d18be2f1eeab4d2baaf9d56572929c71,1532707814449082,0.08558861166238785,2237.802978515625,854.0330200195312,-86.26300048828125
d18be2f1eeab4d2baaf9d56572929c71,1532707814948037,0.0,2237.802978515625,854.0330200195312,-86.26177215576172
d18be2f1eeab4d2baaf9d56572929c71,1532707815447375,0.0,2237.802978515625,854.0330200195312,-86.26177215576172
d18be2f1eeab4d2baaf9d56572929c71,1532707815947807,0.0,2237.802978515625,854.0330200195312,-86.26177215576172
d18be2f1eeab4d2baaf9d56572929c71,1532707816447669,0.0,2237.802978515625,854.0330200195312,-86.26177215576172
d18be2f1eeab4d2baaf9d56572929c71,1532707816948141,4.0815277099609375,2237.132080078125,853.5679931640625,-145.27066040039062
d18be2f1eeab4d2baaf9d56572929c71,1532707817398183,4.815244197845459,2236.215576171875,853.86376953125,162.11434936523438
d18be2f1eeab4d2baaf9d56572929c71,1532707817898626,3.8689827919006348,2236.080078125,854.6256103515625,100.07920837402344
d18be2f1eeab4d2baaf9d56572929c71,1532707818448836,0.0,2236.080078125,854.6256103515625,49.628475189208984
d18be2f1eeab4d2baaf9d56572929c71,1532707818949278,1.6338952779769897,2236.114013671875,854.9506225585938,84.0504379272461
d18be2f1eeab4d2baaf9d56572929c71,1532707819399371,0.0,2236.114013671875,854.9506225585938,95.20591735839844
d18be2f1eeab4d2baaf9d56572929c71,1532707819899230,0.0,2236.114013671875,854.9506225585938,95.20591735839844
d18be2f1eeab4d2baaf9d56572929c71,1532707820399111,0.0,2236.114013671875,854.9506225585938,95.20591735839844
d1be422fdbe7469f81465724d068e14c,1532707811049131,0.0,2164.737060546875,865.6829833984375,0.0
d1be422fdbe7469f81465724d068e14c,1532707811549019,0.0,2164.737060546875,865.6829833984375,0.0
d1be422fdbe7469f81465724d068e14c,1532707812049440,0.0,2164.737060546875,865.6829833984375,0.0
d1be422fdbe7469f81465724d068e14c,1532707812449231,0.0,2164.737060546875,865.6829833984375,0.0
d1be422fdbe7469f81465724d068e14c,1532707812949109,0.0,2164.737060546875,865.6829833984375,0.0
d1be422fdbe7469f81465724d068e14c,1532707813448415,0.0,2164.737060546875,865.6829833984375,0.0
d1be422fdbe7469f81465724d068e14c,1532707813948288,0.0,2164.737060546875,865.6829833984375,0.0
d1be422fdbe7469f81465724d068e14c,1532707814449082,0.0,2164.737060546875,865.6829833984375,90.4219970703125
d1be422fdbe7469f81465724d068e14c,1532707814948037,0.0,2164.737060546875,865.6829833984375,90.42200469970703
d1be422fdbe7469f81465724d068e14c,1532707815447375,0.0,2164.737060546875,865.6829833984375,90.42200469970703
d1be422fdbe7469f81465724d068e14c,1532707815947807,0.0,2164.737060546875,865.6829833984375,90.42200469970703
d1be422fdbe7469f81465724d068e14c,1532707816447669,0.0,2164.737060546875,865.6829833984375,90.42200469970703
d1be422fdbe7469f81465724d068e14c,1532707816948141,5.486164093017578,2163.759033203125,866.1803588867188,153.041748046875
d1be422fdbe7469f81465724d068e14c,1532707817398183,7.607398509979248,2162.767822265625,865.0260620117188,-130.6510009765625
d1be422fdbe7469f81465724d068e14c,1532707817898626,0.6284084916114807,2162.88232421875,864.9742431640625,-24.3427677154541
d1be422fdbe7469f81465724d068e14c,1532707818448836,0.0,2162.88232421875,864.9742431640625,-15.425347328186035
d1be422fdbe7469f81465724d068e14c,1532707818949278,1.3993169069290161,2163.132568359375,864.8489379882812,-26.589263916015625
d1be422fdbe7469f81465724d068e14c,1532707819399371,0.0,2163.132568359375,864.8489379882812,-29.736095428466797
d1be422fdbe7469f81465724d068e14c,1532707819899230,0.0,2163.132568359375,864.8489379882812,-29.736095428466797
d1be422fdbe7469f81465724d068e14c,1532707820399111,0.0,2163.132568359375,864.8489379882812,-29.736095428466797
d4b25a9f887146689c0faef6dd6221a4,1532707811049131,0.0,2282.85107421875,888.5089721679688,92.33100128173828
d4b25a9f887146689c0faef6dd6221a4,1532707811549019,0.0,2282.85107421875,888.5089721679688,92.33100128173828
d4b25a9f887146689c0faef6dd6221a4,1532707812049440,0.0,2282.85107421875,888.5089721679688,92.33100128173828
d4b25a9f887146689c0faef6dd6221a4,1532707812449231,0.0,2282.85107421875,888.5089721679688,92.33100128173828
d4b25a9f887146689c0faef6dd6221a4,1532707812949109,0.0,2282.85107421875,888.5089721679688,92.33100128173828
d4b25a9f887146689c0faef6dd6221a4,1532707813448415,0.0,2282.85107421875,888.5089721679688,92.33100128173828
d4b25a9f887146689c0faef6dd6221a4,1532707813948288,0.0,2282.85107421875,888.5089721679688,92.33100128173828
d4b25a9f887146689c0faef6dd6221a4,1532707814449082,0.0,2282.85107421875,888.5089721679688,92.33100128173828
d4b25a9f887146689c0faef6dd6221a4,1532707814948037,0.0,2282.85107421875,888.5089721679688,92.33100128173828
d4b25a9f887146689c0faef6dd6221a4,1532707815447375,0.0,2282.85107421875,888.5089721679688,92.33100128173828
d4b25a9f887146689c0faef6dd6221a4,1532707815947807,0.0,2282.85107421875,888.5089721679688,92.33100128173828
d4b25a9f887146689c0faef6dd6221a4,1532707816447669,0.0,2282.85107421875,888.5089721679688,92.33100128173828
d4b25a9f887146689c0faef6dd6221a4,1532707816948141,4.833228588104248,2281.969482421875,888.9054565429688,155.7867431640625
d4b25a9f887146689c0faef6dd6221a4,1532707817398183,4.548101902008057,2281.31494140625,888.2738037109375,-136.0193328857422
d4b25a9f887146689c0faef6dd6221a4,1532707817898626,0.0,2281.31494140625,888.2738037109375,-72.8445053100586
d4b25a9f887146689c0faef6dd6221a4,1532707818448836,0.0,2281.31494140625,888.2738037109375,-72.84449768066406
d4b25a9f887146689c0faef6dd6221a4,1532707818949278,0.0,2281.31494140625,888.2738037109375,-124.16287231445312
d4b25a9f887146689c0faef6dd6221a4,1532707819399371,0.0,2281.31494140625,888.2738037109375,-124.16287231445312
d4b25a9f887146689c0faef6dd6221a4,1532707819899230,0.0,2281.31494140625,888.2738037109375,-124.16287231445312
d4b25a9f887146689c0faef6dd6221a4,1532707820399111,0.0,2281.31494140625,888.2738037109375,-124.16287231445312
d9e42e79036d4e11888e58c2be1f72aa,1532707811049131,0.0,2178.22509765625,865.5380249023438,0.0
d9e42e79036d4e11888e58c2be1f72aa,1532707811549019,0.0,2178.22509765625,865.5380249023438,0.0
d9e42e79036d4e11888e58c2be1f72aa,1532707812049440,0.0,2178.22509765625,865.5380249023438,0.0
d9e42e79036d4e11888e58c2be1f72aa,1532707812449231,0.0,2178.22509765625,865.5380249023438,0.0
d9e42e79036d4e11888e58c2be1f72aa,1532707812949109,0.0,2178.22509765625,865.5380249023438,0.0
d9e42e79036d4e11888e58c2be1f72aa,1532707813448415,0.0,2178.22509765625,865.5380249023438,0.0
d9e42e79036d4e11888e58c2be1f72aa,1532707813948288,0.0,2178.22509765625,865.5380249023438,89.4219970703125
d9e42e79036d4e11888e58c2be1f72aa,1532707814449082,0.21514892578125,2178.22509765625,865.4949951171875,89.4219970703125
d9e42e79036d4e11888e58c2be1f72aa,1532707814948037,0.0,2178.22509765625,865.4949951171875,89.4174575805664
d9e42e79036d4e11888e58c2be1f72aa,1532707815447375,0.0,2178.22509765625,865.4949951171875,89.4174575805664
d9e42e79036d4e11888e58c2be1f72aa,1532707815947807,0.0,2178.22509765625,865.4949951171875,89.4174575805664
d9e42e79036d4e11888e58c2be1f72aa,1532707816447669,0.0,2178.22509765625,865.4949951171875,89.4174575805664
d9e42e79036d4e11888e58c2be1f72aa,1532707816948141,5.734935760498047,2177.2177734375,866.0435180664062,151.43287658691406
d9e42e79036d4e11888e58c2be1f72aa,1532707817398183,7.360163688659668,2176.28271484375,864.9066162109375,-129.4364471435547
d9e42e79036d4e11888e58c2be1f72aa,1532707817898626,3.697460174560547,2176.9384765625,864.5648193359375,-27.525300979614258
d9e42e79036d4e11888e58c2be1f72aa,1532707818448836,0.0,2176.9384765625,864.5648193359375,24.054187774658203
d9e42e79036d4e11888e58c2be1f72aa,1532707818949278,0.6864208579063416,2177.041748046875,864.6552734375,41.19868469238281
d9e42e79036d4e11888e58c2be1f72aa,1532707819399371,0.0,2177.041748046875,864.6552734375,43.92520523071289
d9e42e79036d4e11888e58c2be1f72aa,1532707819899230,0.0,2177.041748046875,864.6552734375,43.925209045410156
d9e42e79036d4e11888e58c2be1f72aa,1532707820399111,0.0,2177.041748046875,864.6552734375,43.925209045410156
dc7123015f4145a58b19c6387bbc7e60,1532707811049131,0.7092130184173584,2248.137939453125,867.0059814453125,-87.552001953125
dc7123015f4145a58b19c6387bbc7e60,1532707811549019,0.7092130184173584,2248.008056640625,866.948974609375,-87.552001953125
dc7123015f4145a58b19c6387bbc7e60,1532707812049440,0.2338944971561432,2248.053955078125,866.9580078125,-87.552001953125
dc7123015f4145a58b19c6387bbc7e60,1532707812449231,0.23607905209064484,2248.10009765625,866.968017578125,-87.552001953125
dc7123015f4145a58b19c6387bbc7e60,1532707812949109,0.11432693153619766,2248.1201171875,866.9569702148438,-87.552001953125
dc7123015f4145a58b19c6387bbc7e60,1532707813448415,0.11311117559671402,2248.139892578125,866.9459838867188,-87.552001953125
dc7123015f4145a58b19c6387bbc7e60,1532707813948288,0.5203861594200134,2248.135986328125,867.0499877929688,-87.552001953125
dc7123015f4145a58b19c6387bbc7e60,1532707814449082,0.5157148838043213,2248.131103515625,867.1530151367188,-87.552001953125
dc7123015f4145a58b19c6387bbc7e60,1532707814948037,0.0,2248.131103515625,867.1530151367188,-87.51844787597656
dc7123015f4145a58b19c6387bbc7e60,1532707815447375,0.0,2248.131103515625,867.1530151367188,-87.51844787597656
dc7123015f4145a58b19c6387bbc7e60,1532707815947807,0.0,2248.131103515625,867.1530151367188,-87.51844787597656
dc7123015f4145a58b19c6387bbc7e60,1532707816447669,0.0,2248.131103515625,867.1530151367188,-87.51844787597656
dc7123015f4145a58b19c6387bbc7e60,1532707816948141,4.506441116333008,2247.369873046875,866.6704711914062,-147.62615966796875
dc7123015f4145a58b19c6387bbc7e60,1532707817398183,5.3985676765441895,2246.4091796875,867.1632690429688,152.84512329101562
dc7123015f4145a58b19c6387bbc7e60,1532707817898626,4.6047139167785645,2246.536865234375,868.0753173828125,82.03502655029297
dc7123015f4145a58b19c6387bbc7e60,1532707818448836,0.0,2246.536865234375,868.0753173828125,22.308305740356445
dc7123015f4145a58b19c6387bbc7e60,1532707818949278,2.9042434692382812,2246.99462890625,868.432861328125,37.988258361816406
dc7123015f4145a58b19c6387bbc7e60,1532707819399371,0.0,2246.99462890625,868.432861328125,48.1883659362793
dc7123015f4145a58b19c6387bbc7e60,1532707819899230,0.0,2246.99462890625,868.432861328125,48.18836975097656
dc7123015f4145a58b19c6387bbc7e60,1532707820399111,0.0,2246.99462890625,868.432861328125,48.18836975097656
e9bf4091de654c08bc1267e53e7391f7,1532707811049131,0.0,2215.096923828125,853.531005859375,0.0
e9bf4091de654c08bc1267e53e7391f7,1532707811549019,0.0,2215.096923828125,853.531005859375,0.0
e9bf4091de654c08bc1267e53e7391f7,1532707812049440,0.0,2215.096923828125,853.531005859375,0.0
e9bf4091de654c08bc1267e53e7391f7,1532707812449231,0.0,2215.096923828125,853.531005859375,0.0
e9bf4091de654c08bc1267e53e7391f7,1532707812949109,0.0,2215.096923828125,853.531005859375,-86.81400299072266
e9bf4091de654c08bc1267e53e7391f7,1532707813448415,0.1943528801202774,2215.05810546875,853.5289916992188,-86.81400299072266
e9bf4091de654c08bc1267e53e7391f7,1532707813948288,0.2686186730861664,2215.093994140625,853.5689697265625,-86.81400299072266
e9bf4091de654c08bc1267e53e7391f7,1532707814449082,0.0,2215.093994140625,853.5689697265625,-86.81400299072266
e9bf4091de654c08bc1267e53e7391f7,1532707814948037,0.0,2215.093994140625,853.5689697265625,-86.81400299072266
e9bf4091de654c08bc1267e53e7391f7,1532707815447375,0.0,2215.093994140625,853.5689697265625,-86.81400299072266
e9bf4091de654c08bc1267e53e7391f7,1532707815947807,0.0,2215.093994140625,853.5689697265625,-86.81400299072266
e9bf4091de654c08bc1267e53e7391f7,1532707816447669,0.0,2215.093994140625,853.5689697265625,-86.81400299072266
e9bf4091de654c08bc1267e53e7391f7,1532707816948141,4.600043773651123,2214.32861328125,853.0584716796875,-146.299072265625
e9bf4091de654c08bc1267e53e7391f7,1532707817398183,6.101977825164795,2213.230712890625,853.5913696289062,154.11196899414062
e9bf4091de654c08bc1267e53e7391f7,1532707817898626,6.691050052642822,2213.556640625,854.8892822265625,75.9076919555664
e9bf4091de654c08bc1267e53e7391f7,1532707818448836,0.0,2213.556640625,854.8892822265625,-10.335257530212402
e9bf4091de654c08bc1267e53e7391f7,1532707818949278,2.0661280155181885,2213.9501953125,854.7633056640625,-17.748132705688477
e9bf4091de654c08bc1267e53e7391f7,1532707819399371,0.0,2213.9501953125,854.7633056640625,-21.010068893432617
e9bf4091de654c08bc1267e53e7391f7,1532707819899230,0.0,2213.9501953125,854.7633056640625,-21.010068893432617
e9bf4091de654c08bc1267e53e7391f7,1532707820399111,0.0,2213.9501953125,854.7633056640625,-21.010068893432617
ego,1532707811049131,8.247167296496151,2247.249829660674,881.1681211214604,-177.03127766002862
ego,1532707811549019,7.612171950758316,2243.1290026665934,881.0451478281977,-178.28965750179972
ego,1532707812049440,8.015260641238779,2239.638058915642,880.9903042535614,-178.64357615671182
ego,1532707812449231,8.603161498830278,2236.1024960340123,880.9294196352333,-178.37054599485882
ego,1532707812949109,8.527964935820307,2231.9542239503303,880.8265786048752,-177.79627283862115
ego,1532707813448415,8.199593447968521,2227.584426287817,880.7158066340096,-177.5231236983771
ego,1532707813948288,8.274814175779914,2223.764678128857,880.6168449712926,-177.55401529340625
ego,1532707814449082,8.78966994635437,2219.3076053514314,880.4375854788194,-177.38559465519523
ego,1532707814948037,8.312353109678495,2214.983919544537,880.262764631358,-177.3418851953777
ego,1532707815447375,7.801525351073441,2211.016677344353,880.0977664904108,-177.32112590271174
ego,1532707815947807,7.468162302277979,2207.190229400193,879.9642973399345,-177.68248541885396
ego,1532707816447669,6.495043697416472,2203.5501797850748,879.8512504806273,-178.08276223696683
ego,1532707816948141,6.3415482365051075,2200.696366671707,879.7882720034568,-178.56714814297325
ego,1532707817398183,5.96003628251206,2197.58444856028,879.7479628237547,-179.06372582609032
ego,1532707817898626,5.239519561638531,2195.133316163189,879.7415740562282,-179.3540697052076
ego,1532707818448836,5.226402378457654,2192.0438416587644,879.7462222668307,-179.10854695927623
ego,1532707818949278,4.5575919282244035,2189.6053246683314,879.7146986326442,-178.31366819642253
ego,1532707819399371,4.198773654215616,2187.6822824884416,879.6648902230013,-177.71676614730754
ego,1532707819899230,3.8730293517229213,2185.6262901730443,879.5983213660079,-177.25545933163104
ego,1532707820399111,3.630828121115045,2183.812865456481,879.5231494789969,-177.18821097256836
f13925f16a0c4cc78e01a4b61e605608,1532707811049131,1.1004787683486938,2243.784912109375,892.739990234375,89.0459976196289
f13925f16a0c4cc78e01a4b61e605608,1532707811549019,1.1004787683486938,2243.568115234375,892.7020263671875,89.0459976196289
f13925f16a0c4cc78e01a4b61e605608,1532707812049440,0.24231360852718353,2243.530029296875,892.7319946289062,89.0459976196289
f13925f16a0c4cc78e01a4b61e605608,1532707812449231,0.23692099750041962,2243.48291015625,892.7269897460938,89.0459976196289
f13925f16a0c4cc78e01a4b61e605608,1532707812949109,0.11976118385791779,2243.506103515625,892.7210083007812,89.0459976196289
f13925f16a0c4cc78e01a4b61e605608,1532707813448415,0.12467056512832642,2243.530029296875,892.7139892578125,89.0459976196289
f13925f16a0c4cc78e01a4b61e605608,1532707813948288,0.12331065535545349,2243.553955078125,892.7080078125,89.0459976196289
f13925f16a0c4cc78e01a4b61e605608,1532707814449082,0.03030320070683956,2243.552978515625,892.7020263671875,89.0459976196289
f13925f16a0c4cc78e01a4b61e605608,1532707814948037,0.0,2243.552978515625,892.7020263671875,89.0451431274414
f13925f16a0c4cc78e01a4b61e605608,1532707815447375,0.0,2243.552978515625,892.7020263671875,89.0451431274414
f13925f16a0c4cc78e01a4b61e605608,1532707815947807,0.0,2243.552978515625,892.7020263671875,89.0451431274414
f13925f16a0c4cc78e01a4b61e605608,1532707816447669,0.0,2243.552978515625,892.7020263671875,89.0451431274414
f13925f16a0c4cc78e01a4b61e605608,1532707816948141,5.765533447265625,2242.552734375,893.2757568359375,150.1633758544922
f13925f16a0c4cc78e01a4b61e605608,1532707817398183,6.916161060333252,2241.632568359375,892.2429809570312,-131.70147705078125
f13925f16a0c4cc78e01a4b61e605608,1532707817898626,1.5838536024093628,2241.879638671875,892.0447387695312,-38.74558639526367
f13925f16a0c4cc78e01a4b61e605608,1532707818448836,0.0,2241.879638671875,892.0447387695312,-18.162946701049805
f13925f16a0c4cc78e01a4b61e605608,1532707818949278,0.9709076285362244,2242.046142578125,891.94482421875,-30.97562026977539
f13925f16a0c4cc78e01a4b61e605608,1532707819399371,0.0,2242.046142578125,891.94482421875,-33.67169189453125
f13925f16a0c4cc78e01a4b61e605608,1532707819899230,0.0,2242.046142578125,891.94482421875,-33.67169189453125
f13925f16a0c4cc78e01a4b61e605608,1532707820399111,0.0,2242.046142578125,891.94482421875,-33.67169189453125
f42b5f59fc33494d9348a3bea4d4ea43,1532707811049131,0.40478092432022095,2261.951904296875,892.5230102539062,-88.35299682617188
f42b5f59fc33494d9348a3bea4d4ea43,1532707811549019,0.40478092432022095,2261.885986328125,892.5700073242188,-88.35299682617188
f42b5f59fc33494d9348a3bea4d4ea43,1532707812049440,0.6506262421607971,2261.818115234375,892.6810302734375,-88.35299682617188
f42b5f59fc33494d9348a3bea4d4ea43,1532707812449231,0.0,2261.818115234375,892.6810302734375,-88.35299682617188
f42b5f59fc33494d9348a3bea4d4ea43,1532707812949109,0.0,2261.818115234375,892.6810302734375,-88.35299682617188
f42b5f59fc33494d9348a3bea4d4ea43,1532707813448415,0.08018866926431656,2261.81689453125,892.697021484375,-88.35299682617188
f42b5f59fc33494d9348a3bea4d4ea43,1532707813948288,0.0848388671875,2261.81689453125,892.7139892578125,-88.35299682617188
f42b5f59fc33494d9348a3bea4d4ea43,1532707814449082,0.0,2261.81689453125,892.7139892578125,-88.35299682617188
f42b5f59fc33494d9348a3bea4d4ea43,1532707814948037,14.233170509338379,2261.898681640625,889.8685302734375,-88.3530044555664
f42b5f59fc33494d9348a3bea4d4ea43,1532707815447375,0.0,2261.898681640625,889.8685302734375,-1.3324811458587646
f42b5f59fc33494d9348a3bea4d4ea43,1532707815947807,0.0,2261.898681640625,889.8685302734375,-1.3324793577194214
f42b5f59fc33494d9348a3bea4d4ea43,1532707816447669,0.0,2261.898681640625,889.8685302734375,-1.3324774503707886
f42b5f59fc33494d9348a3bea4d4ea43,1532707816948141,10.152195930480957,2263.892578125,890.2520141601562,10.88637638092041
f42b5f59fc33494d9348a3bea4d4ea43,1532707817398183,0.0,2263.892578125,890.2520141601562,67.55856323242188
f42b5f59fc33494d9348a3bea4d4ea43,1532707817898626,0.0,2263.892578125,890.2520141601562,67.55856323242188
f42b5f59fc33494d9348a3bea4d4ea43,1532707818448836,0.0,2263.892578125,890.2520141601562,67.55856323242188
f42b5f59fc33494d9348a3bea4d4ea43,1532707818949278,9.542597770690918,2262.8076171875,891.8221435546875,124.64789581298828
f42b5f59fc33494d9348a3bea4d4ea43,1532707819399371,2.0576112270355225,2262.847900390625,891.41259765625,-84.38749694824219
f42b5f59fc33494d9348a3bea4d4ea43,1532707819899230,0.0,2262.847900390625,891.41259765625,-48.11326599121094
f42b5f59fc33494d9348a3bea4d4ea43,1532707820399111,0.0,2262.847900390625,891.41259765625,-48.11326217651367
